IPAddress_,UrlText_
212.95.7.237,unsubscribe
14.17.29.85,ISE 2015 Info
183.60.35.29,ISE 2015 REG
101.226.33.204,ISE 2015 REG
101.226.33.227,ISE 2015 Info
101.226.33.202,LEO product
101.226.89.64,CAL
101.226.33.201,Libra
180.153.201.214,CAL
14.17.34.182,Homepage
112.64.235.254,Homepage
112.65.193.15,ISE Countdown
101.226.66.187,CAL
112.64.235.89,ISE 2015 REG
101.226.66.187,CAL
222.73.77.55,ISE Countdown
112.64.235.89,ISE 2015 REG
101.226.66.187,CAL
222.73.77.55,ISE Countdown
112.64.235.89,ISE 2015 REG
222.73.77.55,ISE Countdown
222.73.77.55,ISE Countdown
101.226.66.187,CAL
183.60.62.44,ISE 2015 REG
101.226.89.64,ISE Countdown
180.153.163.206,ISE 2015 Info
180.153.205.253,Libra
222.73.77.54,Homepage
112.64.235.246,LEO product
112.90.78.25,Homepage
112.64.235.89,ISE 2015 REG
14.17.18.147,ISE 2015 Info
180.153.163.211,Libra
180.153.214.198,ISE 2015 Info
180.153.206.35,ISE Countdown
180.153.163.211,Libra
101.226.89.64,ISE 2015 Info
112.90.78.22,Homepage
112.90.78.22,ISE 2015 Info
180.153.163.211,Libra
180.153.206.35,ISE Countdown
180.153.206.20,LEO product
180.153.206.19,IntelligentDC
112.64.235.245,Homepage
180.153.201.215,ISE 2015 Info
101.226.51.229,ISE 2015 REG
180.153.201.215,ISE 2015 Info
101.226.51.228,Homepage
101.226.65.107,Libra
180.153.201.215,ISE 2015 Info
180.153.201.215,ISE 2015 Info
101.226.51.228,Homepage
101.226.89.64,LEO product
112.64.235.251,ISE Countdown
14.17.34.190,ISE 2015 Info
14.17.34.190,Homepage
101.226.65.107,Libra
101.226.66.192,IntelligentDC
112.65.193.13,CAL
112.64.235.90,LEO product
180.153.214.180,LEO product
101.226.65.106,ISE Countdown
101.226.65.106,ISE Countdown
180.153.214.180,LEO product
101.226.65.106,ISE Countdown
14.17.34.189,ISE 2015 REG
180.153.163.209,ISE 2015 REG
101.226.33.202,Homepage
101.226.33.237,ISE 2015 Info
101.226.66.192,CAL
14.17.34.190,ISE 2015 Info
112.90.78.25,ISE 2015 Info
101.226.33.208,Homepage
101.226.51.228,Libra
101.226.33.208,Homepage
180.153.214.191,ISE 2015 Info
180.153.206.26,CAL
180.153.214.191,ISE 2015 Info
101.226.51.228,Libra
14.17.29.85,ISE 2015 REG
101.226.33.208,Homepage
180.153.206.36,LEO product
180.153.214.191,ISE 2015 Info
180.153.206.26,CAL
112.64.235.90,IntelligentDC
180.153.206.19,ISE Countdown
101.226.33.238,IntelligentDC
101.226.33.238,IntelligentDC
101.226.33.238,IntelligentDC
180.153.214.198,CAL
180.153.205.254,ISE 2015 REG
180.153.161.55,ISE 2015 Info
101.226.33.238,IntelligentDC
180.153.161.55,ISE 2015 Info
101.226.33.238,IntelligentDC
180.153.205.254,ISE 2015 REG
14.17.34.191,ISE 2015 REG
180.153.206.20,Homepage
101.226.33.216,LEO product
101.226.33.240,ISE Countdown
180.153.161.55,ISE 2015 Info
180.153.214.200,Libra
183.60.70.30,ISE 2015 Info
101.226.65.104,LEO product
101.226.65.104,LEO product
101.226.65.104,LEO product
180.153.206.26,ISE 2015 Info
101.226.65.104,LEO product
14.17.34.182,ISE 2015 REG
112.64.235.251,Libra
14.17.34.189,Homepage
180.153.206.19,ISE Countdown
180.153.206.26,ISE 2015 Info
180.153.206.31,IntelligentDC
180.153.206.33,ISE 2015 REG
101.226.65.102,Homepage
119.147.146.189,ISE 2015 Info
183.60.62.44,ISE 2015 REG
180.153.214.181,ISE 2015 Info
101.226.33.202,ISE 2015 REG
180.153.206.16,CAL
180.153.163.189,Homepage
112.65.193.13,Libra
112.65.193.13,ISE Countdown
112.65.193.13,LEO product
101.226.65.104,ISE 2015 REG
112.64.235.247,CAL
101.226.65.104,ISE 2015 REG
180.153.206.22,LEO product
180.153.163.211,Libra
180.153.214.199,ISE 2015 Info
180.153.206.22,LEO product
180.153.214.199,ISE 2015 Info
101.226.65.104,ISE 2015 REG
180.153.214.199,ISE 2015 Info
180.153.163.211,Libra
180.153.214.199,ISE 2015 Info
101.226.65.104,ISE 2015 REG
112.64.235.247,CAL
180.153.206.22,LEO product
14.17.18.147,ISE 2015 Info
101.226.89.64,Homepage
183.60.70.30,ISE 2015 REG
180.153.163.211,Libra
180.153.206.20,IntelligentDC
101.226.89.119,Homepage
112.64.235.90,ISE Countdown
14.17.18.147,ISE 2015 Info
14.17.34.182,ISE 2015 REG
14.17.29.85,Homepage
14.17.29.85,Homepage
101.226.66.187,CAL
101.226.66.181,ISE Countdown
101.226.66.187,CAL
101.226.66.181,ISE Countdown
101.226.66.187,CAL
101.226.66.181,ISE Countdown
14.17.29.85,ISE 2015 REG
14.17.34.190,ISE 2015 Info
180.153.163.208,ISE 2015 Info
180.153.201.79,IntelligentDC
101.226.66.187,CAL
101.226.66.193,ISE 2015 REG
180.153.206.18,Homepage
112.64.235.252,Libra
112.90.78.25,Homepage
112.90.78.22,ISE 2015 REG
101.226.51.229,ISE 2015 Info
101.226.33.208,IntelligentDC
180.153.114.200,CAL
180.153.114.200,CAL
183.60.35.94,Homepage
14.17.18.147,ISE 2015 Info
101.226.89.64,ISE 2015 Info
183.60.35.29,ISE 2015 REG
180.153.211.172,LEO product
101.226.33.208,IntelligentDC
180.153.214.189,Homepage
101.226.66.177,ISE 2015 REG
180.153.214.180,Homepage
101.226.66.177,ISE 2015 REG
180.153.214.180,Homepage
14.17.18.147,ISE 2015 REG
112.64.235.250,IntelligentDC
14.17.34.182,ISE 2015 Info
101.226.66.177,ISE 2015 REG
183.60.70.29,Homepage
180.153.206.37,CAL
101.226.51.226,Libra
101.226.33.240,ISE 2015 Info
180.153.163.191,LEO product
112.65.193.15,ISE Countdown
113.57.247.32,Libra
113.57.247.32,CAL
113.57.247.32,IntelligentDC
101.226.66.181,Libra
101.226.89.115,ISE Countdown
101.226.66.181,Libra
101.226.89.115,ISE Countdown
101.226.89.115,ISE Countdown
101.226.66.181,Libra
14.17.18.147,ISE 2015 Info
183.60.70.30,Homepage
101.226.33.216,CAL
180.153.206.37,ISE 2015 REG
101.226.89.115,ISE Countdown
180.153.211.172,ISE 2015 Info
101.226.65.102,LEO product
101.226.33.219,IntelligentDC
112.65.193.15,Homepage
101.226.66.179,ISE 2015 Info
180.153.214.197,CAL
180.153.214.178,ISE Countdown
180.153.214.197,CAL
101.226.66.179,ISE 2015 Info
180.153.214.197,CAL
180.153.214.197,CAL
180.153.214.178,ISE Countdown
180.153.214.197,CAL
101.226.33.239,Homepage
222.73.77.54,IntelligentDC
180.153.214.178,ISE Countdown
180.153.206.34,LEO product
183.60.62.44,ISE 2015 Info
14.17.34.191,ISE 2015 REG
112.64.235.86,ISE 2015 REG
112.64.235.253,Libra
180.153.205.252,IntelligentDC
180.153.214.191,ISE 2015 Info
180.153.214.191,ISE 2015 Info
183.60.35.29,ISE 2015 Info
14.17.34.190,Homepage
14.17.34.191,ISE 2015 REG
180.153.205.252,IntelligentDC
180.153.206.34,CAL
180.153.206.25,ISE 2015 REG
101.226.66.193,LEO product
112.64.235.251,ISE Countdown
180.153.214.191,ISE 2015 Info
112.64.235.245,Libra
14.17.18.147,ISE 2015 REG
14.17.18.144,Homepage
101.226.89.64,ISE 2015 REG
112.90.78.22,ISE 2015 Info
101.226.33.218,IntelligentDC
180.153.206.22,ISE 2015 REG
101.226.51.227,Libra
180.153.206.22,ISE 2015 REG
101.226.51.227,Libra
101.226.51.227,Libra
180.153.206.22,ISE 2015 REG
113.105.95.122,ISE 2015 REG
101.226.51.230,ISE 2015 Info
101.226.51.227,Libra
101.226.51.230,ISE Countdown
180.153.206.20,Homepage
14.17.34.191,ISE 2015 Info
222.73.77.54,CAL
101.226.33.218,IntelligentDC
101.226.89.64,CAL
112.65.193.14,LEO product
101.226.65.108,ISE 2015 REG
101.226.89.120,LEO product
101.226.65.108,ISE 2015 REG
101.226.65.108,ISE 2015 REG
101.226.89.120,LEO product
101.226.89.120,LEO product
101.226.65.108,ISE 2015 REG
183.60.35.94,Homepage
180.153.206.20,IntelligentDC
180.153.201.66,ISE 2015 Info
180.153.205.253,Homepage
222.73.77.54,Libra
180.153.206.23,CAL
14.17.34.182,ISE 2015 REG
180.153.201.215,CAL
180.153.201.215,CAL
180.153.201.215,CAL
180.153.201.215,CAL
180.153.211.190,ISE 2015 Info
180.153.214.152,ISE Countdown
180.153.163.187,Homepage
101.226.66.180,LEO product
101.226.33.223,ISE 2015 REG
112.90.78.22,ISE 2015 REG
112.64.235.86,Libra
112.90.11.79,Homepage
180.153.206.17,ISE 2015 Info
112.64.235.89,IntelligentDC
101.226.66.177,CAL
101.226.66.177,CAL
101.226.33.206,ISE 2015 REG
112.64.235.89,IntelligentDC
180.153.206.17,ISE 2015 Info
101.226.33.206,ISE 2015 REG
112.64.235.89,IntelligentDC
180.153.206.17,ISE 2015 Info
101.226.65.105,LEO product
101.226.66.177,CAL
101.226.33.206,ISE 2015 REG
101.226.65.105,LEO product
180.153.206.17,ISE 2015 Info
180.153.161.217,Homepage
101.226.33.203,Libra
112.64.235.89,IntelligentDC
112.64.235.251,ISE Countdown
180.153.214.192,LEO product
101.226.51.229,Homepage
180.153.214.192,LEO product
180.153.206.35,ISE 2015 Info
180.153.214.192,LEO product
112.90.78.25,Homepage
112.90.78.22,ISE 2015 REG
112.64.235.253,ISE Countdown
112.64.235.251,CAL
101.226.33.204,IntelligentDC
180.153.201.217,ISE 2015 REG
180.153.206.35,ISE 2015 Info
180.153.201.215,ISE Countdown
180.153.205.252,ISE 2015 REG
180.153.201.215,ISE Countdown
112.64.235.91,Libra
112.64.235.91,Libra
180.153.201.215,ISE Countdown
14.17.18.147,Homepage
112.64.235.246,IntelligentDC
112.64.235.91,Libra
14.17.34.182,ISE 2015 REG
180.153.201.66,ISE 2015 Info
180.153.205.252,ISE 2015 REG
180.153.201.216,Homepage
180.153.206.27,IntelligentDC
180.153.214.197,ISE Countdown
180.153.214.197,ISE Countdown
101.226.66.174,LEO product
180.153.206.27,IntelligentDC
180.153.214.197,ISE Countdown
101.226.66.174,LEO product
180.153.114.199,Libra
101.226.89.123,CAL
180.153.206.27,IntelligentDC
180.153.214.197,ISE Countdown
180.153.114.199,Libra
101.226.89.123,CAL
180.153.214.197,ISE Countdown
101.226.89.123,CAL
180.153.206.27,IntelligentDC
113.105.95.122,ISE 2015 REG
14.17.18.144,ISE 2015 Info
180.153.114.199,Libra
180.153.163.189,Homepage
101.226.66.174,LEO product
180.153.163.191,ISE 2015 REG
180.153.214.176,IntelligentDC
180.153.114.199,Libra
180.153.214.176,IntelligentDC
180.153.114.199,Libra
180.153.205.253,Homepage
101.226.33.202,ISE Countdown
101.226.33.202,CAL
112.90.11.79,ISE 2015 Info
183.60.62.44,ISE 2015 REG
183.60.35.29,Homepage
180.153.214.182,ISE 2015 Info
180.153.114.199,Libra
180.153.206.31,ISE 2015 REG
101.226.89.119,LEO product
183.60.62.44,ISE 2015 REG
14.17.29.85,Homepage
180.153.206.17,Homepage
101.226.66.172,ISE 2015 Info
180.153.206.17,Homepage
180.153.214.198,IntelligentDC
101.226.66.172,ISE 2015 Info
180.153.206.17,Homepage
183.60.35.94,Homepage
180.153.211.172,CAL
180.153.206.17,Homepage
14.17.34.189,ISE 2015 REG
101.226.66.172,ISE 2015 Info
112.65.193.13,ISE 2015 REG
112.64.235.248,LEO product
112.64.235.248,ISE Countdown
180.153.214.198,ISE Countdown
101.226.89.123,Libra
101.226.89.123,Libra
101.226.89.123,Libra
14.17.34.190,Homepage
14.17.34.182,ISE 2015 Info
183.60.35.29,ISE 2015 REG
180.153.206.25,LEO product
101.226.33.204,Homepage
101.226.33.219,ISE 2015 Info
180.153.201.216,CAL
112.65.193.15,IntelligentDC
112.64.235.87,ISE 2015 REG
180.153.214.199,CAL
180.153.214.199,CAL
180.153.214.199,CAL
113.105.95.122,ISE 2015 Info
14.17.34.189,Homepage
180.153.206.16,IntelligentDC
180.153.214.152,Homepage
183.60.70.29,ISE 2015 REG
101.226.33.205,Libra
180.153.206.31,ISE Countdown
180.153.201.66,ISE 2015 Info
180.153.163.187,LEO product
112.64.235.248,ISE 2015 REG
183.60.35.29,ISE 2015 Info
14.17.34.189,Homepage
101.226.33.208,Libra
180.153.214.192,Homepage
101.226.33.208,Libra
180.153.214.192,Homepage
180.153.161.55,ISE 2015 Info
180.153.161.55,ISE 2015 Info
180.153.214.192,Homepage
14.17.34.182,ISE 2015 Info
14.17.29.85,Homepage
101.226.33.205,LEO product
180.153.201.217,CAL
101.226.33.208,Libra
101.226.33.221,ISE 2015 REG
101.226.33.220,IntelligentDC
180.153.206.18,ISE Countdown
180.153.161.55,ISE 2015 Info
101.226.89.120,Libra
180.153.206.21,ISE Countdown
101.226.89.123,IntelligentDC
101.226.89.120,Libra
180.153.206.21,ISE Countdown
101.226.89.123,IntelligentDC
101.226.89.120,Libra
101.226.89.123,IntelligentDC
183.60.70.30,Homepage
180.153.206.21,ISE Countdown
180.153.206.31,ISE 2015 REG
183.60.35.29,ISE 2015 REG
180.153.161.217,CAL
101.226.66.187,IntelligentDC
180.153.214.192,ISE 2015 REG
101.226.66.187,IntelligentDC
101.226.66.187,IntelligentDC
180.153.214.192,ISE 2015 REG
180.153.214.192,ISE 2015 REG
14.17.34.190,Homepage
180.153.206.25,ISE Countdown
180.153.206.38,CAL
180.153.206.23,ISE 2015 Info
101.226.66.187,IntelligentDC
101.226.33.217,Libra
101.226.65.102,Homepage
101.226.89.64,ISE 2015 REG
180.153.214.191,Homepage
101.226.66.179,CAL
101.226.66.177,Libra
180.153.214.178,LEO product
101.226.66.177,Libra
101.226.66.179,CAL
180.153.214.191,Homepage
101.226.89.121,ISE 2015 REG
101.226.89.121,ISE 2015 REG
180.153.214.178,LEO product
180.153.214.191,Homepage
101.226.66.179,CAL
14.17.34.189,Homepage
180.153.201.66,ISE Countdown
101.226.33.220,ISE 2015 Info
180.153.214.178,LEO product
180.153.214.191,Homepage
101.226.66.177,Libra
101.226.89.121,ISE 2015 REG
112.65.193.14,IntelligentDC
183.60.70.29,ISE 2015 Info
180.153.201.215,LEO product
180.153.206.17,Homepage
101.226.66.181,ISE 2015 Info
101.226.33.218,IntelligentDC
180.153.163.186,ISE 2015 REG
180.153.201.215,LEO product
180.153.206.17,Homepage
101.226.66.181,ISE 2015 Info
101.226.65.107,CAL
180.153.201.215,LEO product
101.226.66.181,ISE 2015 Info
180.153.163.186,ISE 2015 REG
101.226.66.181,ISE 2015 Info
180.153.206.17,Homepage
180.153.163.186,ISE 2015 REG
113.105.95.122,ISE 2015 REG
101.226.65.107,CAL
180.153.206.17,Homepage
101.226.33.218,IntelligentDC
112.64.235.87,ISE Countdown
112.65.193.15,Libra
112.90.78.25,Homepage
183.60.35.94,ISE 2015 REG
101.226.66.179,ISE 2015 Info
101.226.66.172,LEO product
101.226.51.229,ISE Countdown
222.73.77.55,Libra
101.226.66.179,ISE 2015 Info
222.73.77.55,Libra
180.153.205.254,ISE 2015 REG
101.226.66.172,LEO product
222.73.77.55,Libra
101.226.51.229,ISE Countdown
101.226.66.179,ISE 2015 Info
222.73.77.55,Libra
180.153.205.254,ISE 2015 REG
180.153.163.187,Homepage
112.90.78.22,Homepage
101.226.66.192,IntelligentDC
101.226.66.172,LEO product
112.90.78.25,ISE 2015 REG
101.226.66.181,IntelligentDC
101.226.66.181,IntelligentDC
180.153.114.200,LEO product
101.226.66.181,IntelligentDC
180.153.114.200,LEO product
14.17.34.190,ISE 2015 Info
14.17.18.144,ISE 2015 REG
180.153.206.37,ISE 2015 REG
101.226.89.119,Libra
101.226.66.180,ISE 2015 Info
101.226.33.237,Homepage
112.65.193.13,CAL
112.64.235.245,ISE Countdown
101.226.33.238,Homepage
101.226.33.238,Homepage
180.153.214.178,Libra
101.226.33.238,Homepage
101.226.89.121,ISE 2015 Info
101.226.89.121,LEO product
101.226.89.121,ISE 2015 REG
101.226.33.238,Homepage
101.226.89.121,ISE 2015 Info
101.226.89.121,ISE 2015 REG
101.226.89.121,LEO product
180.153.214.178,Libra
101.226.33.238,Homepage
14.17.18.152,ISE 2015 Info
14.17.18.152,Homepage
113.105.95.122,ISE 2015 REG
180.153.163.206,IntelligentDC
101.226.89.121,ISE 2015 REG
101.226.89.121,ISE 2015 Info
101.226.89.121,LEO product
180.153.214.178,Libra
112.64.235.90,ISE Countdown
183.60.35.29,ISE 2015 REG
101.226.66.187,CAL
101.226.33.208,Libra
101.226.66.187,CAL
101.226.33.208,Libra
101.226.66.187,CAL
14.17.34.189,Homepage
14.17.29.85,ISE 2015 REG
14.17.34.190,ISE 2015 Info
180.153.163.209,IntelligentDC
180.153.206.37,ISE Countdown
101.226.66.187,CAL
101.226.65.102,ISE 2015 REG
101.226.33.208,Libra
101.226.33.227,ISE 2015 Info
101.226.33.200,IntelligentDC
101.226.33.224,ISE 2015 Info
101.226.33.224,ISE 2015 Info
180.153.214.199,CAL
101.226.33.200,IntelligentDC
180.153.214.199,CAL
101.226.33.224,ISE 2015 Info
180.153.214.199,CAL
113.105.95.122,ISE 2015 REG
14.17.34.189,ISE 2015 Info
180.153.214.190,Libra
180.153.214.182,LEO product
180.153.163.191,Homepage
101.226.33.224,ISE 2015 Info
101.226.33.200,IntelligentDC
14.17.34.191,ISE 2015 Info
112.90.11.79,Homepage
180.153.214.197,IntelligentDC
180.153.214.197,IntelligentDC
180.153.214.197,IntelligentDC
180.153.214.197,IntelligentDC
14.17.34.182,ISE 2015 REG
14.17.34.191,ISE 2015 Info
101.226.66.193,ISE 2015 REG
180.153.211.172,ISE 2015 Info
180.153.214.188,LEO product
101.226.66.193,ISE Countdown
101.226.89.64,LEO product
222.73.77.54,Homepage
112.64.235.252,Libra
112.64.235.87,CAL
101.226.33.224,LEO product
101.226.66.181,ISE 2015 REG
101.226.33.218,Homepage
101.226.89.122,Libra
101.226.33.224,LEO product
101.226.66.181,ISE 2015 REG
180.153.205.254,ISE Countdown
101.226.33.224,LEO product
101.226.66.181,ISE 2015 REG
101.226.66.181,ISE 2015 REG
101.226.33.224,LEO product
101.226.89.122,Libra
14.17.34.189,ISE 2015 Info
14.17.18.152,Homepage
180.153.205.254,ISE Countdown
14.17.34.191,ISE 2015 REG
101.226.33.224,LEO product
101.226.33.218,Homepage
180.153.205.253,CAL
101.226.33.239,ISE 2015 Info
101.226.33.202,IntelligentDC
101.226.65.108,ISE 2015 REG
101.226.66.181,LEO product
180.153.163.186,Libra
101.226.65.108,ISE 2015 REG
101.226.66.181,LEO product
101.226.66.181,LEO product
101.226.65.108,ISE 2015 REG
180.153.163.186,Libra
101.226.66.181,LEO product
180.153.206.35,IntelligentDC
180.153.163.186,Libra
101.226.65.108,ISE 2015 REG
101.226.33.203,ISE 2015 Info
180.153.214.200,ISE Countdown
180.153.206.38,Homepage
101.226.33.237,CAL
183.60.70.30,Homepage
14.17.34.190,ISE 2015 REG
180.153.206.35,IntelligentDC
112.90.78.22,ISE 2015 Info
183.60.35.29,ISE 2015 REG
183.60.70.29,Homepage
118.33.75.8,IntelligentDC
118.33.75.8,CAL
166.137.8.57,IntelligentDC
183.60.35.94,ISE 2015 REG
14.17.34.190,ISE 2015 Info
180.153.201.215,Libra
112.64.235.247,IntelligentDC
180.153.201.215,Libra
180.153.214.199,CAL
180.153.201.215,Libra
101.226.65.106,LEO product
180.153.214.199,CAL
101.226.65.106,LEO product
180.153.214.199,CAL
112.64.235.247,IntelligentDC
113.105.95.122,ISE 2015 REG
14.17.34.182,ISE 2015 Info
101.226.65.106,LEO product
180.153.211.172,ISE Countdown
180.153.206.34,ISE 2015 REG
180.153.214.182,ISE 2015 Info
112.65.193.15,Homepage
180.153.206.26,IntelligentDC
112.64.235.245,ISE Countdown
183.60.62.44,Homepage
180.153.206.26,IntelligentDC
101.226.33.227,ISE 2015 Info
14.17.34.191,ISE 2015 Info
180.153.214.182,CAL
180.153.214.182,ISE 2015 REG
180.153.211.190,Libra
101.226.33.205,Homepage
112.90.78.22,ISE 2015 REG
14.17.18.144,ISE 2015 REG
14.17.18.152,Homepage
112.90.78.22,ISE 2015 Info
101.226.33.208,ISE 2015 REG
180.153.206.17,ISE 2015 Info
101.226.51.229,ISE Countdown
180.153.206.17,ISE 2015 Info
101.226.33.208,ISE 2015 REG
101.226.65.107,Libra
180.153.206.17,ISE 2015 Info
101.226.51.229,ISE Countdown
101.226.33.208,ISE 2015 REG
101.226.65.107,Libra
180.153.206.17,ISE 2015 Info
113.105.95.122,Homepage
101.226.33.202,CAL
112.64.235.246,IntelligentDC
112.64.235.251,LEO product
112.64.235.252,Homepage
183.60.70.30,ISE 2015 Info
112.90.11.79,ISE 2015 REG
14.17.34.191,ISE 2015 REG
113.105.95.122,Homepage
101.226.89.64,ISE 2015 Info
183.60.70.30,ISE 2015 Info
112.90.78.22,ISE 2015 REG
180.153.161.55,ISE 2015 Info
180.153.161.55,ISE 2015 Info
14.17.18.152,Homepage
180.153.214.182,IntelligentDC
180.153.206.38,Homepage
180.153.201.214,ISE Countdown
183.60.70.29,ISE 2015 Info
101.226.66.193,LEO product
180.153.161.55,ISE 2015 Info
180.153.214.182,ISE 2015 REG
180.153.206.19,Libra
101.226.33.228,CAL
112.90.11.79,ISE 2015 REG
101.226.33.208,CAL
112.64.235.91,ISE Countdown
101.226.33.208,CAL
14.17.34.182,ISE 2015 Info
14.17.18.152,ISE 2015 REG
101.226.33.208,CAL
180.153.206.16,ISE 2015 REG
101.226.66.192,ISE 2015 Info
180.153.163.208,Libra
180.153.206.36,Homepage
112.64.235.91,ISE Countdown
112.64.235.251,IntelligentDC
14.17.34.189,Homepage
112.90.78.25,ISE 2015 Info
183.60.35.94,ISE 2015 REG
101.226.51.229,IntelligentDC
101.226.89.120,LEO product
112.64.235.91,ISE Countdown
101.226.65.106,ISE 2015 Info
112.64.235.91,ISE Countdown
101.226.89.121,ISE 2015 REG
101.226.89.120,LEO product
101.226.65.106,ISE 2015 Info
101.226.89.121,ISE 2015 REG
101.226.89.120,LEO product
101.226.51.229,IntelligentDC
101.226.33.219,Libra
101.226.65.106,ISE 2015 Info
180.153.206.16,Homepage
101.226.89.121,ISE 2015 REG
101.226.33.227,CAL
112.64.235.91,ISE Countdown
180.153.214.176,LEO product
180.153.206.32,Homepage
101.226.51.227,IntelligentDC
101.226.51.227,IntelligentDC
180.153.214.176,LEO product
180.153.206.32,Homepage
101.226.51.227,IntelligentDC
180.153.206.32,Homepage
101.226.33.204,CAL
14.17.18.144,ISE 2015 Info
101.226.51.227,IntelligentDC
180.153.201.15,ISE 2015 Info
183.60.70.29,ISE 2015 REG
101.226.33.220,Libra
180.153.205.252,ISE 2015 REG
180.153.205.252,ISE 2015 REG
101.226.66.178,Libra
101.226.66.178,Libra
180.153.201.64,Homepage
180.153.201.64,ISE 2015 Info
101.226.66.178,Libra
180.153.201.64,Homepage
180.153.201.64,ISE 2015 Info
14.17.18.152,Homepage
14.17.34.189,ISE 2015 REG
180.153.206.20,ISE Countdown
180.153.205.252,ISE 2015 REG
180.153.214.200,LEO product
101.226.33.221,CAL
14.17.34.182,ISE 2015 REG
183.60.70.29,ISE 2015 Info
101.226.89.64,Homepage
180.153.214.192,CAL
101.226.51.229,LEO product
180.153.214.192,CAL
180.153.206.26,ISE 2015 Info
101.226.51.229,LEO product
180.153.214.192,CAL
183.60.70.30,ISE 2015 REG
14.17.29.85,ISE 2015 Info
101.226.66.180,Homepage
180.153.206.26,ISE 2015 Info
180.153.163.189,IntelligentDC
112.90.78.25,Homepage
112.64.235.250,Libra
112.90.78.25,ISE 2015 REG
183.60.35.94,ISE 2015 Info
101.226.89.64,ISE 2015 REG
183.60.70.29,ISE 2015 REG
113.105.95.122,ISE 2015 Info
112.90.78.22,Homepage
183.60.35.94,ISE 2015 REG
112.90.11.79,ISE 2015 Info
183.60.70.30,Homepage
14.17.34.191,ISE 2015 REG
14.17.18.152,Homepage
183.60.62.44,ISE 2015 REG
14.17.29.85,ISE 2015 Info
14.17.34.182,Homepage
14.17.18.152,ISE 2015 REG
112.90.11.79,ISE 2015 Info
14.17.18.152,Homepage
183.60.62.44,ISE 2015 Info
112.90.78.22,ISE 2015 REG
183.60.35.29,ISE 2015 Info
14.17.34.190,Homepage
14.17.29.85,ISE 2015 REG
183.60.62.44,ISE 2015 REG
14.17.29.85,Homepage
183.60.62.44,Homepage
101.226.89.64,ISE 2015 REG
112.90.11.79,ISE 2015 REG
113.105.95.122,ISE 2015 Info
14.17.34.190,ISE 2015 REG
14.17.34.182,ISE 2015 Info
14.17.34.190,ISE 2015 REG
183.60.62.44,Homepage
95.91.238.230,Browser
14.17.29.85,ISE 2015 REG
14.17.18.144,ISE 2015 Info
14.17.18.152,Homepage
14.17.34.190,Homepage
112.90.78.22,ISE 2015 Info
14.17.34.189,ISE 2015 Info
14.17.34.189,Homepage
14.17.34.189,ISE 2015 REG
183.60.62.44,ISE 2015 REG
14.17.34.190,Homepage
112.90.78.25,ISE 2015 Info
14.17.34.182,Homepage
113.105.95.122,ISE 2015 Info
112.90.78.22,ISE 2015 REG
14.17.18.144,ISE 2015 REG
14.17.18.152,ISE 2015 Info
14.17.18.152,Homepage
14.17.18.152,ISE 2015 REG
183.60.35.29,Homepage
14.17.34.191,ISE 2015 Info
187.191.7.5,ISE 2015 Info
178.85.39.58,IntelligentDC
192.222.166.220,Libra
83.223.122.25,ISE 2015 Info
70.39.157.193,ISE 2015 REG
24.123.27.34,Libra
66.87.123.238,CAL
66.87.123.238,Libra
84.26.65.116,ISE 2015 Info
84.26.65.116,Libra
70.210.130.51,Libra
190.43.95.58,unsubscribe
201.141.22.94,IntelligentDC
18.53.2.144,unsubscribe
173.196.211.226,Libra
76.171.152.11,ISE 2015 REG
79.145.143.125,ISE Countdown
88.196.32.24,ISE 2015 REG
39.62.102.244,Libra
112.168.61.199,Libra
81.249.248.92,IntelligentDC
83.78.169.190,IntelligentDC
83.78.169.190,Libra
83.78.169.190,CAL
183.60.70.30,Homepage
14.17.29.85,ISE 2015 Info
14.17.34.182,ISE 2015 REG
49.197.19.1,ISE Countdown
49.197.19.1,Libra
90.161.117.193,Libra
90.161.117.193,IntelligentDC
209.232.166.164,ISE 2015 REG
181.142.143.7,CAL
190.233.124.116,IntelligentDC
70.39.157.194,ISE Countdown
195.74.140.6,CAL
195.74.140.6,Libra
14.0.145.34,Libra
91.65.194.70,Libra
109.104.40.2,IntelligentDC
195.14.204.55,Homepage
114.198.29.110,Libra
79.191.108.164,Browser
79.191.108.164,Browser
64.69.91.210,Browser
188.244.39.126,Browser
91.121.83.118,Browser
95.49.227.165,Browser
95.49.227.165,Browser
95.49.227.165,Browser
150.70.97.97,Browser
107.178.200.201,Browser
204.13.200.200,Browser
23.21.37.147,Browser
83.51.203.92,CAL
20.137.2.50,ISE 2015 Info
166.216.162.23,Homepage
12.153.35.2,CAL
189.130.45.161,LEO product
189.130.45.161,Libra
192.168.71.80,ISE Countdown
31.4.190.133,IntelligentDC
114.198.225.7,ISE 2015 Info
187.210.83.50,IntelligentDC
191.179.137.68,CAL
104.60.122.247,IntelligentDC
107.130.125.231,Libra
76.95.129.20,IntelligentDC
76.95.129.20,IntelligentDC
186.155.238.2,Libra
178.26.80.152,CAL
178.26.80.152,CAL
198.77.155.252,ISE 2015 Info
178.196.29.20,Libra
178.197.239.108,unsubscribe
186.4.176.161,ISE 2015 Info
181.60.144.156,Libra
181.243.91.249,CAL
83.223.122.16,ISE Countdown
115.186.225.218,Libra
115.186.225.218,Libra
115.186.225.218,Libra
115.186.225.218,Libra
115.186.225.218,Libra
115.186.225.218,Libra
115.186.225.218,Libra
124.190.120.92,IntelligentDC
70.39.157.194,IntelligentDC
82.36.131.230,ISE 2015 Info
195.175.76.158,Libra
77.147.15.103,Libra
90.3.201.131,IntelligentDC
90.3.201.131,CAL
90.3.201.131,Libra
62.28.47.6,CAL
62.28.47.6,ISE 2015 Info
212.84.56.58,Libra
83.117.225.44,ISE 2015 REG
109.247.73.83,IntelligentDC
179.52.246.225,CAL
179.52.246.225,CAL
179.52.246.225,Libra
37.120.27.152,ISE 2015 REG
213.172.91.192,CAL
84.78.24.148,Libra
201.191.195.126,IntelligentDC
212.142.118.69,CAL
192.168.70.53,ISE Countdown
192.168.70.53,unsubscribe
24.114.78.77,Libra
190.235.73.114,Libra
190.235.73.114,Libra
190.235.73.114,ISE Countdown
89.145.108.203,ISE Countdown
60.10.8.3,Libra
60.10.8.3,ISE 2015 REG
186.43.152.210,Libra
191.100.88.134,CAL
74.14.168.218,IntelligentDC
79.35.82.242,IntelligentDC
2.83.232.8,Libra
31.44.95.252,Libra
213.159.36.18,Libra
172.248.198.209,ISE 2015 REG
65.82.99.252,CAL
172.56.35.65,CAL
213.153.166.244,CAL
213.153.166.244,Libra
187.189.58.249,Libra
125.198.16.242,ISE Countdown
125.198.16.242,ISE Countdown
212.68.251.233,Libra
212.68.251.233,Libra
70.39.157.192,CAL
71.71.5.2,Libra
71.71.5.2,CAL
91.183.176.242,ISE 2015 Info
82.238.49.34,IntelligentDC
96.11.51.2,IntelligentDC
83.223.122.14,IntelligentDC
209.133.77.168,CAL
187.33.44.134,IntelligentDC
104.11.94.173,IntelligentDC
104.11.94.173,ISE Countdown
104.11.94.173,Libra
121.75.81.91,LEO product
121.75.81.91,CAL
2.115.207.50,Libra
2.115.207.50,CAL
31.145.23.3,ISE 2015 REG
198.144.176.171,LEO product
177.42.78.178,ISE 2015 REG
200.52.69.2,ISE Countdown
80.111.67.23,unsubscribe
190.233.115.138,IntelligentDC
95.97.151.18,ISE 2015 Info
50.247.107.121,IntelligentDC
83.22.10.117,Homepage
222.106.146.150,Libra
70.197.70.219,CAL
24.253.80.19,CAL
93.231.143.150,Libra
188.99.180.69,IntelligentDC
85.87.243.253,unsubscribe
201.175.140.66,CAL
24.125.163.105,IntelligentDC
24.125.163.105,Libra
24.125.163.105,Libra
80.229.42.100,Libra
70.39.157.199,IntelligentDC
89.142.178.162,IntelligentDC
89.217.15.125,CAL
89.217.15.125,IntelligentDC
89.217.15.125,IntelligentDC
84.126.193.219,CAL
84.126.193.219,Libra
84.126.193.219,IntelligentDC
195.69.96.201,Libra
195.69.96.201,IntelligentDC
201.233.18.0,ISE 2015 REG
94.71.177.68,ISE 2015 REG
24.222.50.164,Libra
194.255.119.70,CAL
70.197.16.63,Libra
177.81.179.59,Libra
88.125.182.136,CAL
83.223.122.22,ISE 2015 REG
203.210.0.33,CAL
217.33.194.210,Libra
79.226.198.124,IntelligentDC
37.228.107.140,IntelligentDC
24.234.18.38,Browser
217.217.192.213,IntelligentDC
217.217.192.213,Libra
92.10.128.247,IntelligentDC
93.147.222.156,IntelligentDC
93.147.222.156,Libra
75.178.9.106,Libra
195.218.182.116,IntelligentDC
87.138.104.178,CAL
87.138.104.178,CAL
192.232.130.45,ISE 2015 Info
74.10.13.2,Libra
79.217.217.232,CAL
46.223.37.82,unsubscribe
216.163.188.223,LEO product
216.163.188.224,unsubscribe
216.163.188.235,ISE 2015 REG
216.163.188.222,Browser
216.163.188.223,Homepage
216.163.188.240,Libra
213.39.255.50,CAL
183.60.35.94,Homepage
183.60.70.29,ISE 2015 Info
64.13.125.125,IntelligentDC
64.13.125.125,IntelligentDC
64.13.125.125,ISE 2015 REG
88.234.10.201,ISE 2015 REG
97.92.83.169,ISE 2015 Info
159.146.51.140,Libra
159.146.51.140,CAL
220.118.45.90,IntelligentDC
187.150.85.141,CAL
78.20.10.183,ISE 2015 REG
109.130.183.20,ISE Countdown
186.88.45.97,Libra
190.80.198.133,ISE 2015 Info
187.177.179.41,IntelligentDC
71.42.46.243,CAL
179.210.240.241,IntelligentDC
179.210.240.241,Libra
181.179.0.29,ISE 2015 REG
70.39.157.192,CAL
203.186.212.209,CAL
134.117.197.159,Libra
134.117.197.159,IntelligentDC
134.117.197.159,CAL
89.84.109.234,ISE Countdown
66.102.7.245,CAL
83.163.246.14,ISE 2015 REG
83.163.246.14,Libra
177.64.123.132,Libra
177.64.123.132,CAL
70.209.48.182,Libra
114.31.224.140,ISE 2015 REG
114.31.224.140,ISE 2015 Info
114.31.224.140,Homepage
181.55.180.29,Libra
202.82.223.67,CAL
202.82.223.67,ISE 2015 REG
46.44.177.164,IntelligentDC
83.223.122.13,CAL
110.70.27.53,Libra
107.15.78.165,CAL
12.235.126.195,CAL
88.180.89.26,CAL
212.203.62.232,Libra
78.242.237.209,CAL
202.137.236.99,ISE 2015 Info
202.137.236.99,Homepage
202.137.236.99,ISE 2015 REG
74.239.63.222,Libra
66.249.83.198,ISE 2015 Info
66.249.83.204,ISE 2015 Info
93.54.53.61,ISE 2015 REG
190.49.113.35,Libra
83.236.155.42,CAL
200.206.225.100,IntelligentDC
95.235.209.249,ISE 2015 REG
96.240.43.138,CAL
80.58.250.92,CAL
80.58.250.92,CAL
188.37.101.195,IntelligentDC
209.133.77.171,IntelligentDC
121.200.234.158,CAL
83.255.200.248,IntelligentDC
70.39.157.192,ISE 2015 Info
50.184.224.156,CAL
66.249.88.212,IntelligentDC
66.249.88.212,IntelligentDC
216.163.188.236,unsubscribe
216.163.188.239,IntelligentDC
216.163.188.220,ISE 2015 REG
216.163.188.222,Homepage
216.163.188.223,ISE 2015 Info
216.163.188.224,ISE Countdown
108.30.101.107,ISE 2015 Info
82.132.236.143,unsubscribe
62.228.87.113,ISE 2015 REG
109.223.54.22,Libra
109.223.54.22,Libra
132.205.236.24,Libra
216.163.188.228,Homepage
216.163.188.232,Libra
216.163.188.230,ISE Countdown
216.163.188.236,IntelligentDC
83.223.122.20,Browser
79.55.182.125,ISE 2015 Info
216.163.188.239,ISE Countdown
216.163.188.237,unsubscribe
216.163.188.220,Homepage
216.163.188.222,LEO product
46.249.140.35,Libra
211.36.142.135,Libra
211.36.142.135,CAL
83.128.118.205,Libra
72.215.45.10,CAL
95.244.156.69,ISE 2015 Info
70.39.157.198,LEO product
109.255.148.114,ISE Countdown
177.6.36.175,Libra
150.70.97.125,IntelligentDC
81.63.163.125,IntelligentDC
64.88.209.238,ISE 2015 Info
92.39.189.14,unsubscribe
92.39.189.14,unsubscribe
86.148.133.196,unsubscribe
83.223.122.15,Browser
72.94.20.203,IntelligentDC
186.26.115.32,ISE Countdown
85.159.132.64,CAL
166.170.14.50,IntelligentDC
166.170.14.50,Libra
70.90.211.149,CAL
150.70.97.115,ISE 2015 REG
64.134.230.57,ISE 2015 REG
112.90.78.25,Homepage
183.60.35.29,ISE 2015 REG
172.56.26.204,ISE 2015 Info
66.249.93.151,CAL
66.249.93.145,IntelligentDC
66.249.93.151,Libra
66.249.93.151,Libra
66.249.93.148,ISE Countdown
69.198.200.170,CAL
85.5.245.14,LEO product
85.5.245.14,Libra
85.5.245.14,Libra
31.16.239.22,Libra
31.16.239.22,IntelligentDC
78.17.8.109,Libra
1.39.1.87,ISE 2015 Info
81.182.5.232,ISE Countdown
81.182.5.232,ISE 2015 REG
174.71.231.68,CAL
174.71.231.68,IntelligentDC
174.71.231.68,IntelligentDC
174.71.231.68,IntelligentDC
82.9.93.219,Libra
82.9.93.219,Libra
220.117.129.214,ISE 2015 Info
216.125.48.192,unsubscribe
181.60.186.47,CAL
162.232.201.183,IntelligentDC
189.131.187.50,Libra
189.131.187.50,CAL
85.6.202.60,Libra
37.204.2.82,IntelligentDC
37.204.2.82,Libra
188.85.245.1,unsubscribe
187.237.107.79,CAL
151.15.131.116,CAL
151.15.131.116,Libra
83.223.122.6,Homepage
50.202.127.198,CAL
50.202.127.198,CAL
217.81.48.45,IntelligentDC
68.192.80.19,Libra
24.145.115.177,Libra
108.235.150.123,CAL
76.195.58.234,unsubscribe
76.218.192.182,Libra
189.166.221.84,ISE 2015 REG
189.166.221.84,ISE 2015 REG
91.178.159.4,ISE 2015 REG
78.247.108.26,ISE 2015 Info
107.77.83.63,CAL
90.64.93.139,IntelligentDC
14.17.34.182,Homepage
14.17.34.190,ISE 2015 Info
187.199.170.92,ISE 2015 Info
79.239.101.171,ISE 2015 REG
79.239.98.99,ISE 2015 REG
185.26.188.77,CAL
185.26.188.77,CAL
201.218.114.130,CAL
46.7.242.126,Libra
46.7.242.126,CAL
46.7.242.126,Libra
14.17.34.191,ISE 2015 Info
14.17.29.85,ISE 2015 REG
77.57.143.28,Libra
77.57.143.28,ISE Countdown
172.56.13.219,Libra
113.210.133.59,Libra
84.208.75.134,IntelligentDC
89.101.192.72,CAL
190.160.103.229,ISE 2015 Info
187.179.17.163,Libra
72.37.244.188,Libra
122.11.212.191,IntelligentDC
122.11.212.191,Libra
122.11.212.191,CAL
178.24.76.211,CAL
178.24.76.211,IntelligentDC
178.24.76.211,Libra
84.202.86.217,Libra
83.223.122.11,Libra
68.174.160.79,CAL
94.70.52.178,IntelligentDC
94.70.52.178,ISE 2015 REG
94.70.52.178,Libra
94.70.52.178,ISE 2015 Info
70.39.157.194,unsubscribe
98.176.144.37,Libra
187.106.63.38,ISE 2015 REG
155.223.198.199,ISE 2015 REG
78.188.200.159,Libra
31.151.107.150,ISE 2015 Info
121.8.184.142,ISE 2015 REG
121.8.184.142,ISE 2015 REG
121.8.184.142,ISE 2015 REG
138.108.32.18,IntelligentDC
138.108.32.18,CAL
138.108.32.18,Libra
84.193.112.104,ISE 2015 REG
84.193.112.104,ISE 2015 REG
82.164.54.176,Libra
212.122.41.57,unsubscribe
212.122.41.57,unsubscribe
66.209.98.74,IntelligentDC
66.209.98.74,ISE Countdown
94.31.95.117,Libra
94.31.95.117,CAL
191.100.84.147,ISE 2015 Info
88.26.251.125,CAL
209.6.146.160,Libra
209.6.146.160,CAL
14.32.246.203,Libra
14.32.246.203,ISE Countdown
77.251.58.153,ISE 2015 Info
37.24.148.238,ISE Countdown
37.24.148.238,CAL
85.7.157.156,Libra
59.96.239.140,Libra
177.135.40.231,IntelligentDC
181.199.156.72,IntelligentDC
87.184.25.145,ISE 2015 Info
200.71.62.142,IntelligentDC
95.127.241.64,Libra
190.17.212.218,CAL
194.95.160.134,Libra
194.95.160.134,IntelligentDC
183.60.35.94,ISE 2015 Info
112.90.11.79,Homepage
36.69.209.129,ISE 2015 Info
36.69.209.129,ISE 2015 REG
202.137.237.56,ISE 2015 Info
202.137.237.56,Homepage
202.137.237.56,ISE 2015 REG
14.0.207.35,Libra
84.209.95.71,CAL
78.182.86.184,Browser
187.178.237.2,Libra
62.48.229.183,IntelligentDC
62.48.229.183,CAL
84.196.178.222,unsubscribe
99.130.48.247,IntelligentDC
89.176.188.208,ISE 2015 REG
181.194.102.196,IntelligentDC
151.25.14.218,CAL
151.25.14.218,Libra
119.252.147.171,ISE 2015 Info
119.252.147.171,Homepage
119.252.147.171,ISE 2015 REG
85.159.225.130,ISE 2015 Info
86.158.28.100,Libra
193.142.19.129,Libra
93.41.205.113,LEO product
88.20.223.166,ISE 2015 Info
84.78.24.57,CAL
186.84.220.200,Libra
186.84.220.200,IntelligentDC
185.9.152.22,CAL
185.9.152.22,Libra
178.27.72.103,CAL
216.163.188.233,ISE Countdown
216.163.188.230,CAL
216.163.188.237,IntelligentDC
216.163.188.231,Browser
216.163.188.235,LEO product
216.163.188.232,ISE 2015 REG
79.237.192.107,IntelligentDC
79.237.192.107,LEO product
213.61.137.34,Libra
84.97.168.5,ISE 2015 Info
90.230.228.87,Libra
200.26.183.36,Libra
200.26.183.36,IntelligentDC
200.26.183.36,CAL
83.223.122.15,ISE Countdown
80.58.250.86,IntelligentDC
80.58.250.86,Libra
87.154.114.125,LEO product
87.154.114.125,IntelligentDC
126.253.236.72,CAL
60.142.187.143,Libra
150.70.97.121,ISE 2015 REG
60.39.237.54,ISE 2015 REG
84.220.57.233,CAL
84.220.57.233,ISE 2015 Info
181.54.71.23,CAL
216.163.188.234,CAL
216.163.188.225,ISE 2015 REG
187.237.241.1,CAL
107.146.211.48,IntelligentDC
166.216.157.45,CAL
188.57.195.136,CAL
188.57.195.136,IntelligentDC
188.57.195.136,Libra
14.17.34.191,ISE 2015 Info
70.39.157.196,LEO product
24.184.139.194,CAL
37.115.146.134,CAL
110.75.105.138,ISE 2015 Info
110.75.105.41,ISE 2015 Info
83.99.17.70,IntelligentDC
203.45.116.231,Libra
192.168.54.100,Libra
213.141.22.22,ISE 2015 REG
80.9.62.214,IntelligentDC
80.9.62.214,ISE 2015 REG
188.104.98.47,Browser
178.2.58.88,CAL
91.65.158.71,Libra
216.163.188.227,LEO product
216.163.188.227,IntelligentDC
216.163.188.229,CAL
216.163.188.232,Libra
216.163.188.226,Homepage
37.77.117.35,CAL
86.146.146.235,ISE 2015 REG
100.40.43.172,Libra
79.41.58.162,ISE 2015 REG
151.44.143.174,IntelligentDC
209.133.77.163,unsubscribe
80.111.208.137,CAL
46.109.196.43,ISE Countdown
46.109.196.43,Libra
220.117.14.187,ISE Countdown
220.117.14.187,Libra
189.158.68.35,IntelligentDC
82.130.196.202,Libra
212.156.134.242,ISE Countdown
212.156.134.242,ISE Countdown
212.156.134.242,ISE 2015 REG
212.156.134.242,ISE Countdown
121.162.37.109,ISE Countdown
121.162.37.109,CAL
121.162.37.109,Libra
79.21.29.162,IntelligentDC
79.21.29.162,CAL
191.95.246.235,CAL
67.85.213.61,Libra
178.197.236.223,CAL
66.234.221.181,IntelligentDC
192.168.71.96,CAL
5.136.137.123,IntelligentDC
83.13.235.197,ISE 2015 REG
83.13.235.197,ISE 2015 REG
104.174.49.43,Libra
95.222.30.115,IntelligentDC
66.91.50.182,Libra
181.198.130.154,ISE 2015 REG
187.254.144.243,CAL
187.237.107.164,ISE 2015 Info
189.161.159.33,IntelligentDC
93.41.147.223,IntelligentDC
118.70.171.83,ISE 2015 Info
78.172.240.99,Libra
118.243.43.75,CAL
190.83.156.167,CAL
112.90.78.25,Homepage
183.60.35.94,ISE 2015 REG
14.17.18.144,ISE 2015 Info
62.154.172.58,CAL
165.228.7.106,IntelligentDC
188.100.76.142,Libra
84.74.192.43,CAL
117.201.239.139,Libra
121.103.176.96,CAL
121.103.176.96,CAL
14.17.18.144,Homepage
14.17.34.191,ISE 2015 Info
190.23.63.22,IntelligentDC
75.82.122.129,Libra
68.100.22.24,CAL
85.155.90.132,Libra
189.180.50.156,Libra
172.56.15.145,CAL
172.56.15.145,Libra
70.39.157.198,ISE Countdown
175.211.135.105,ISE 2015 Info
80.171.19.151,LEO product
80.171.19.151,LEO product
126.254.45.8,Libra
182.249.242.31,ISE Countdown
86.125.222.81,IntelligentDC
86.125.222.81,ISE Countdown
86.125.222.81,ISE Countdown
86.125.222.81,Libra
189.213.10.120,Libra
213.200.198.65,IntelligentDC
216.163.188.230,IntelligentDC
216.163.188.222,Browser
216.163.188.239,Homepage
216.163.188.230,ISE Countdown
216.163.188.220,ISE 2015 REG
216.163.188.222,LEO product
109.223.182.27,IntelligentDC
109.223.182.27,CAL
107.77.90.36,Libra
208.80.194.120,unsubscribe
187.168.90.208,Libra
66.167.51.16,Libra
178.148.18.125,CAL
110.75.105.166,ISE 2015 Info
118.155.101.203,ISE 2015 Info
46.175.102.209,ISE Countdown
93.51.183.42,Libra
93.51.183.42,CAL
80.254.127.30,IntelligentDC
94.38.39.60,CAL
90.131.119.119,ISE 2015 REG
70.82.114.126,Libra
70.82.114.126,ISE Countdown
80.147.170.157,CAL
87.187.223.210,Libra
95.22.212.166,Libra
90.229.150.13,ISE 2015 Info
46.144.86.33,ISE 2015 REG
5.157.97.51,Libra
5.157.97.51,Libra
81.60.42.77,ISE 2015 Info
62.140.132.2,Libra
122.18.197.183,ISE Countdown
122.18.197.183,Libra
122.18.197.183,CAL
122.18.197.183,IntelligentDC
84.31.100.23,LEO product
62.163.98.156,LEO product
87.210.214.113,Libra
94.79.164.2,IntelligentDC
62.163.211.181,Libra
83.43.161.150,Libra
46.115.158.91,ISE 2015 Info
76.105.35.60,IntelligentDC
82.115.124.248,Browser
82.115.124.248,ISE 2015 Info
83.226.109.215,IntelligentDC
190.88.39.194,Libra
91.37.81.95,CAL
87.177.14.213,IntelligentDC
88.23.70.88,ISE Countdown
88.23.70.88,Libra
92.107.100.145,CAL
95.231.135.54,ISE 2015 Info
65.103.33.158,unsubscribe
82.132.239.190,ISE 2015 REG
90.178.200.225,ISE 2015 REG
90.178.200.225,ISE 2015 REG
90.178.200.225,ISE 2015 REG
82.53.253.220,CAL
94.211.102.152,CAL
5.104.90.4,Libra
212.47.179.82,ISE 2015 REG
80.61.148.39,ISE 2015 REG
187.191.7.178,CAL
46.115.157.125,unsubscribe
223.62.172.100,ISE 2015 Info
92.39.66.54,Libra
174.7.63.2,Libra
174.7.63.2,Libra
119.105.156.206,CAL
216.163.188.230,LEO product
216.163.188.226,ISE 2015 REG
216.163.188.228,Browser
216.163.188.225,CAL
216.163.188.230,ISE Countdown
216.163.188.232,ISE 2015 Info
114.31.224.118,ISE 2015 Info
114.31.224.118,Homepage
189.146.21.78,CAL
78.100.85.131,Homepage
200.61.8.108,Libra
200.61.8.108,CAL
94.188.48.200,Libra
212.78.204.205,Libra
212.78.204.205,IntelligentDC
24.114.104.203,CAL
24.114.104.203,IntelligentDC
24.114.104.203,Libra
77.253.17.116,ISE 2015 REG
83.53.83.138,Libra
50.9.248.141,Libra
99.110.222.75,Libra
199.168.235.235,IntelligentDC
200.232.143.193,CAL
120.151.84.111,IntelligentDC
80.90.45.19,Homepage
80.90.45.19,ISE 2015 REG
80.90.45.19,CAL
80.90.45.19,ISE 2015 Info
70.211.74.84,unsubscribe
99.226.17.85,CAL
99.226.17.85,Libra
69.194.133.116,IntelligentDC
90.230.228.87,Libra
90.230.228.87,Libra
83.101.7.60,CAL
181.38.176.10,CAL
209.133.77.167,unsubscribe
95.51.99.180,LEO product
95.51.99.180,IntelligentDC
95.51.99.180,CAL
41.189.68.141,unsubscribe
144.214.196.57,Libra
201.31.126.98,ISE Countdown
190.43.120.160,CAL
175.139.173.108,LEO product
82.134.16.250,CAL
82.134.16.250,IntelligentDC
129.74.201.129,Libra
71.252.224.171,CAL
189.234.255.60,unsubscribe
189.234.255.60,unsubscribe
70.50.154.135,Libra
70.50.154.135,IntelligentDC
74.125.57.121,IntelligentDC
5.65.129.126,IntelligentDC
5.65.129.126,Libra
92.102.230.30,CAL
24.6.234.86,CAL
162.225.1.42,IntelligentDC
202.137.236.197,ISE 2015 Info
202.137.236.197,Homepage
202.137.236.197,ISE 2015 REG
66.167.5.154,Libra
83.83.17.23,IntelligentDC
83.83.17.23,ISE Countdown
65.188.252.157,IntelligentDC
79.136.64.69,Libra
41.190.2.222,Libra
64.134.146.218,IntelligentDC
217.87.79.237,IntelligentDC
217.87.79.237,Libra
94.201.238.176,IntelligentDC
50.57.190.90,IntelligentDC
70.193.215.43,Libra
110.75.105.128,ISE 2015 Info
183.89.54.57,Libra
209.133.77.166,Homepage
166.137.136.124,CAL
76.169.68.94,ISE 2015 REG
76.169.68.94,ISE Countdown
76.169.68.94,ISE 2015 Info
199.75.26.2,Libra
96.21.48.110,Libra
96.21.48.110,IntelligentDC
141.225.67.219,IntelligentDC
189.211.65.203,ISE Countdown
189.211.65.203,ISE Countdown
189.211.65.203,IntelligentDC
85.112.154.242,IntelligentDC
2.150.43.99,Libra
207.172.182.126,IntelligentDC
192.168.71.68,ISE 2015 Info
202.140.108.106,ISE Countdown
77.10.190.85,Libra
144.136.138.32,Libra
150.70.173.59,IntelligentDC
98.28.137.166,IntelligentDC
166.170.5.34,Libra
208.100.152.90,Libra
208.100.152.90,Libra
186.149.188.233,CAL
208.54.85.246,IntelligentDC
76.21.140.250,Libra
36.70.102.27,CAL
67.247.54.228,CAL
83.33.184.6,unsubscribe
177.77.99.63,IntelligentDC
88.25.190.71,ISE 2015 REG
189.217.139.114,ISE 2015 Info
189.217.139.114,ISE 2015 Info
189.180.218.118,ISE 2015 REG
209.133.77.168,ISE Countdown
186.39.247.54,ISE 2015 REG
186.39.247.54,Libra
190.203.130.140,CAL
5.34.148.184,IntelligentDC
31.4.239.179,ISE Countdown
189.152.8.210,Libra
14.17.34.189,Homepage
187.190.37.152,Libra
166.170.14.118,ISE 2015 Info
166.170.14.118,ISE 2015 REG
217.12.16.56,ISE 2015 Info
64.79.133.110,unsubscribe
74.62.109.42,CAL
99.190.220.99,ISE 2015 REG
189.203.201.34,IntelligentDC
84.241.195.86,ISE 2015 Info
68.8.195.175,CAL
166.137.246.28,Libra
107.171.253.2,CAL
79.191.108.164,ISE Countdown
79.191.108.164,ISE Countdown
79.191.108.164,ISE Countdown
69.164.111.198,ISE Countdown
64.69.91.210,ISE Countdown
91.121.83.118,ISE Countdown
83.6.161.16,ISE Countdown
83.6.161.16,ISE Countdown
83.6.161.16,ISE Countdown
150.70.97.113,ISE Countdown
188.244.39.126,ISE Countdown
150.70.97.85,ISE Countdown
5.39.93.201,ISE Countdown
150.70.97.97,ISE Countdown
107.178.200.193,ISE Countdown
54.161.247.124,ISE Countdown
204.13.200.200,ISE Countdown
213.64.164.86,CAL
192.168.50.155,CAL
192.168.50.155,CAL
126.255.82.81,CAL
219.162.47.91,CAL
93.195.26.67,Libra
121.3.123.244,IntelligentDC
121.3.123.244,IntelligentDC
121.3.123.244,CAL
191.113.207.71,ISE 2015 Info
83.101.7.60,LEO product
37.76.21.89,ISE 2015 REG
110.67.36.173,Libra
192.168.70.51,IntelligentDC
192.168.70.51,IntelligentDC
192.168.70.51,CAL
192.168.70.51,CAL
99.186.83.64,Libra
110.75.105.28,ISE 2015 Info
94.254.33.254,IntelligentDC
174.29.33.223,CAL
174.29.33.223,IntelligentDC
60.245.65.181,IntelligentDC
69.196.169.23,CAL
69.196.169.23,Libra
92.224.21.20,Libra
194.187.61.5,ISE 2015 Info
194.187.61.5,ISE 2015 Info
194.187.61.5,Libra
2.108.217.2,ISE 2015 REG
2.108.217.2,ISE 2015 Info
2.108.217.2,ISE 2015 Info
2.110.123.243,ISE 2015 REG
115.21.164.247,CAL
89.233.30.98,ISE Countdown
36.226.191.223,CAL
223.228.90.78,ISE 2015 Info
223.228.90.78,Libra
31.46.160.217,LEO product
153.130.195.115,ISE 2015 Info
153.130.195.115,ISE 2015 REG
82.194.202.126,Libra
2.150.34.47,Libra
193.107.74.85,Libra
149.148.3.212,Libra
216.163.188.223,IntelligentDC
216.163.188.224,ISE 2015 REG
216.163.188.226,CAL
216.163.188.234,LEO product
188.23.117.101,Browser
188.23.117.101,CAL
112.148.109.13,IntelligentDC
112.148.109.13,CAL
190.236.154.202,CAL
169.159.80.28,ISE 2015 REG
107.194.16.254,Libra
207.250.82.194,Libra
80.72.225.26,IntelligentDC
80.72.225.26,CAL
85.227.240.135,Libra
99.109.10.165,Libra
118.168.107.54,ISE Countdown
82.193.155.249,unsubscribe
87.251.229.234,CAL
37.32.173.123,Libra
83.221.228.175,IntelligentDC
91.64.51.74,Libra
5.76.255.111,ISE 2015 Info
150.70.172.232,IntelligentDC
150.70.173.51,IntelligentDC
212.202.130.18,IntelligentDC
212.71.85.210,ISE Countdown
23.91.158.136,LEO product
23.91.158.136,Libra
188.69.208.20,ISE 2015 Info
72.158.180.34,Libra
185.43.120.2,ISE 2015 Info
31.221.52.114,CAL
98.167.40.125,IntelligentDC
66.249.83.192,Libra
79.173.2.238,ISE 2015 REG
14.17.34.191,ISE 2015 REG
84.46.249.16,IntelligentDC
41.135.106.5,Libra
110.75.105.25,ISE 2015 Info
24.203.58.61,IntelligentDC
112.90.11.79,ISE 2015 Info
112.90.78.25,ISE 2015 REG
113.66.29.248,IntelligentDC
14.17.34.190,ISE 2015 REG
101.226.89.64,Homepage
76.19.73.68,IntelligentDC
79.97.194.157,ISE 2015 REG
77.100.17.122,IntelligentDC
24.202.165.191,IntelligentDC
209.104.79.40,CAL
189.208.30.102,ISE 2015 REG
189.208.30.102,ISE 2015 REG
213.193.81.78,Libra
201.198.211.207,CAL
108.28.93.26,Libra
166.216.165.91,Libra
166.216.165.123,Libra
177.193.112.100,Libra
193.17.14.114,ISE Countdown
201.208.22.201,CAL
201.208.13.110,IntelligentDC
117.55.68.132,ISE 2015 Info
46.186.35.72,ISE Countdown
62.245.131.98,unsubscribe
216.163.188.230,ISE Countdown
216.163.188.232,CAL
216.163.188.225,ISE 2015 REG
216.163.188.228,IntelligentDC
216.163.188.233,Browser
216.163.188.231,Homepage
190.22.167.249,Libra
91.177.96.28,Libra
107.72.162.59,CAL
81.34.18.183,ISE 2015 REG
114.191.168.109,IntelligentDC
84.178.175.145,CAL
2.80.235.234,CAL
2.80.235.234,CAL
95.128.137.84,CAL
202.82.223.68,Libra
79.18.198.80,CAL
188.79.132.246,Libra
116.68.97.16,IntelligentDC
116.68.97.16,Libra
116.68.97.16,IntelligentDC
116.68.97.16,CAL
83.32.85.15,IntelligentDC
78.35.61.115,IntelligentDC
195.135.184.187,IntelligentDC
95.155.115.227,Libra
194.206.169.95,Libra
200.106.38.193,CAL
95.23.254.111,ISE Countdown
95.23.254.111,Libra
201.137.61.130,Libra
213.207.137.6,Libra
213.207.137.6,Libra
193.77.225.99,Libra
203.24.70.254,IntelligentDC
204.128.192.32,IntelligentDC
207.172.209.34,Libra
87.139.95.242,Browser
37.16.124.11,ISE 2015 Info
37.16.124.11,Libra
87.148.80.172,Libra
87.148.80.172,IntelligentDC
89.144.193.109,CAL
80.187.114.142,IntelligentDC
216.163.188.220,ISE 2015 REG
216.163.188.230,LEO product
216.163.188.223,CAL
37.188.225.182,ISE 2015 Info
62.245.71.225,CAL
200.112.170.148,CAL
37.73.211.176,ISE Countdown
37.73.211.176,IntelligentDC
37.73.211.176,Libra
167.57.154.134,IntelligentDC
150.70.173.52,Libra
187.72.59.49,Libra
70.194.67.105,Libra
72.69.32.202,IntelligentDC
93.200.206.193,Libra
78.219.52.39,Homepage
91.220.88.65,CAL
190.145.253.94,Libra
209.91.107.177,IntelligentDC
12.226.70.10,Libra
190.152.124.226,ISE 2015 REG
165.194.123.244,ISE Countdown
165.194.123.244,Libra
165.194.123.244,CAL
72.24.124.110,Libra
72.24.124.110,Libra
72.24.124.110,CAL
72.70.45.189,CAL
202.137.234.222,ISE 2015 Info
202.137.234.222,Homepage
202.137.234.222,ISE 2015 REG
201.110.228.249,CAL
167.57.50.161,CAL
5.90.140.55,Libra
46.19.85.241,ISE 2015 REG
37.208.207.121,CAL
115.186.225.218,IntelligentDC
106.243.246.10,CAL
95.133.98.74,CAL
95.133.98.74,CAL
95.133.98.74,ISE Countdown
95.133.98.74,IntelligentDC
73.36.36.174,CAL
1.136.96.228,ISE Countdown
1.136.97.96,IntelligentDC
1.136.96.12,ISE Countdown
82.243.8.159,Browser
66.249.88.210,CAL
190.59.33.217,CAL
174.50.251.160,ISE 2015 Info
76.175.172.85,CAL
201.141.152.133,CAL
201.141.152.133,Libra
88.214.165.48,IntelligentDC
88.214.165.48,Libra
179.51.74.30,IntelligentDC
202.137.236.181,Homepage
202.137.236.181,ISE 2015 Info
202.137.236.181,ISE 2015 REG
109.153.1.244,ISE Countdown
88.100.234.76,Libra
89.188.118.162,CAL
208.80.194.121,ISE 2015 Info
163.121.166.48,ISE 2015 Info
163.121.166.48,ISE 2015 Info
2.137.200.19,Libra
77.167.39.247,Libra
77.167.39.247,Libra
24.17.221.116,Libra
189.236.169.120,Libra
1.39.45.237,ISE 2015 REG
107.5.212.217,Libra
83.211.5.155,CAL
83.211.5.155,ISE 2015 Info
74.111.116.62,Libra
77.127.160.212,IntelligentDC
24.251.44.152,CAL
219.101.128.4,ISE 2015 Info
93.230.59.134,ISE Countdown
93.230.59.134,Libra
178.197.237.51,Libra
186.46.120.147,ISE 2015 Info
109.130.218.190,ISE 2015 REG
109.130.218.190,ISE 2015 REG
109.130.218.190,ISE 2015 REG
109.130.218.190,CAL
78.187.233.50,ISE Countdown
84.155.131.66,ISE Countdown
162.157.47.165,Libra
213.37.44.105,IntelligentDC
173.11.202.177,CAL
110.70.59.156,CAL
112.169.81.238,IntelligentDC
93.105.178.145,ISE 2015 REG
151.45.36.137,LEO product
212.12.153.2,Libra
176.42.102.245,CAL
110.75.105.17,ISE 2015 Info
223.62.212.108,IntelligentDC
121.162.227.161,IntelligentDC
73.16.59.58,Libra
61.89.14.232,ISE 2015 REG
200.118.177.223,ISE 2015 REG
186.77.203.188,CAL
115.114.13.131,IntelligentDC
68.174.112.167,Libra
111.69.228.155,Libra
111.69.225.72,IntelligentDC
111.69.225.72,IntelligentDC
2.72.180.103,ISE Countdown
66.249.83.198,Homepage
5.228.193.247,Libra
105.195.86.129,ISE 2015 REG
220.117.129.94,ISE 2015 REG
198.143.23.251,Libra
197.221.242.38,Libra
23.252.83.174,Libra
86.212.78.203,CAL
186.28.152.185,ISE 2015 Info
186.28.152.185,ISE 2015 Info
76.97.63.135,CAL
79.150.147.37,IntelligentDC
79.150.147.37,Libra
79.150.147.37,CAL
46.19.86.54,LEO product
85.168.187.22,CAL
210.250.154.173,IntelligentDC
42.146.45.192,Libra
178.41.41.139,ISE 2015 REG
176.11.186.37,CAL
217.246.194.121,Libra
198.102.219.141,IntelligentDC
46.37.219.120,IntelligentDC
178.197.236.218,CAL
109.70.55.226,Libra
118.243.137.65,ISE Countdown
126.31.54.33,ISE Countdown
201.141.145.8,ISE Countdown
89.154.185.24,ISE 2015 REG
189.171.131.87,Libra
201.124.183.214,Libra
130.241.30.81,IntelligentDC
68.1.65.152,Homepage
68.1.65.152,IntelligentDC
220.215.190.140,ISE 2015 REG
182.250.246.194,Libra
176.238.46.188,Libra
217.123.92.123,LEO product
78.16.104.190,IntelligentDC
190.48.8.203,IntelligentDC
190.48.8.203,Libra
189.4.100.78,CAL
200.69.208.124,Browser
181.244.4.50,ISE 2015 REG
155.143.18.100,CAL
80.12.100.130,Libra
82.136.99.222,ISE Countdown
69.70.208.54,Libra
78.125.251.210,Libra
216.228.120.20,Libra
82.36.118.21,ISE Countdown
82.36.118.21,Libra
124.217.139.36,LEO product
24.123.53.243,Libra
23.112.24.186,CAL
70.193.20.110,ISE Countdown
50.26.18.254,Libra
212.251.119.14,Libra
70.51.197.169,Libra
70.51.197.169,CAL
64.231.237.238,Libra
31.4.210.208,Libra
83.53.66.39,Libra
108.56.7.156,Libra
207.167.14.68,CAL
217.155.131.206,ISE 2015 REG
91.37.90.52,Browser
91.37.95.157,ISE 2015 Info
216.252.76.173,Libra
216.252.76.173,CAL
207.192.250.217,ISE 2015 Info
176.11.75.167,CAL
176.11.75.167,Libra
116.231.21.133,CAL
88.177.137.74,ISE 2015 REG
88.177.137.74,ISE 2015 REG
84.253.6.214,CAL
84.253.6.214,IntelligentDC
89.106.109.144,CAL
89.106.109.144,Libra
181.140.204.113,Libra
105.237.160.245,IntelligentDC
79.229.52.178,ISE 2015 Info
217.65.88.202,CAL
217.65.88.202,Libra
88.116.52.158,Libra
99.6.21.231,IntelligentDC
147.46.84.35,IntelligentDC
223.67.187.158,CAL
223.67.187.158,ISE 2015 REG
183.60.35.29,ISE 2015 REG
49.230.164.51,LEO product
188.150.165.237,Libra
14.39.202.118,CAL
87.224.94.178,Libra
95.94.221.100,Libra
108.6.47.195,IntelligentDC
71.42.105.201,Libra
71.42.105.201,IntelligentDC
71.42.105.201,CAL
81.11.189.250,ISE 2015 REG
93.108.101.156,ISE 2015 REG
70.29.220.10,CAL
112.90.78.25,ISE 2015 Info
101.226.89.64,ISE 2015 REG
101.226.89.64,Homepage
184.190.94.105,CAL
184.190.94.105,Libra
184.190.94.105,CAL
184.190.94.105,CAL
217.196.81.40,Libra
217.196.81.40,Libra
91.230.114.80,ISE 2015 REG
217.217.204.250,Libra
144.85.225.132,Libra
189.210.63.234,IntelligentDC
189.210.63.234,IntelligentDC
178.249.14.136,IntelligentDC
178.249.14.136,Libra
119.252.147.223,Homepage
119.252.147.223,ISE 2015 Info
119.252.147.223,ISE 2015 REG
186.77.204.55,Libra
195.74.252.177,Libra
195.74.252.177,IntelligentDC
85.159.94.21,ISE 2015 Info
82.115.124.248,Browser
82.115.124.248,ISE 2015 Info
82.115.124.248,ISE 2015 Info
88.161.111.86,ISE 2015 REG
207.96.218.171,ISE 2015 Info
80.116.210.15,Libra
85.197.58.92,unsubscribe
192.168.50.74,ISE 2015 Info
201.19.74.143,Libra
109.81.210.233,CAL
187.191.7.193,Libra
189.252.77.233,CAL
189.252.77.233,Libra
79.24.181.25,ISE 2015 REG
79.24.181.25,ISE 2015 Info
81.183.7.55,LEO product
187.194.148.135,Libra
91.116.135.192,IntelligentDC
91.116.135.192,CAL
70.209.49.75,Libra
213.120.115.92,ISE Countdown
50.128.214.47,CAL
186.50.230.122,CAL
179.25.203.24,IntelligentDC
179.25.203.24,Libra
207.233.84.11,CAL
207.233.84.11,IntelligentDC
99.4.167.142,Libra
98.172.114.234,Libra
132.229.35.5,ISE 2015 REG
91.119.103.118,Libra
216.163.188.227,unsubscribe
213.164.68.239,unsubscribe
80.187.113.53,Libra
151.31.38.94,CAL
151.31.38.94,IntelligentDC
46.123.6.250,IntelligentDC
2.217.44.204,Libra
107.72.162.93,Libra
124.148.39.232,Libra
190.84.102.60,Libra
24.118.42.73,IntelligentDC
77.251.236.162,ISE Countdown
77.251.236.162,ISE Countdown
70.169.162.230,CAL
202.137.235.134,ISE 2015 Info
114.30.73.59,ISE 2015 Info
81.217.95.72,IntelligentDC
171.96.246.232,ISE 2015 REG
99.42.23.21,unsubscribe
208.97.109.186,Libra
71.211.111.96,unsubscribe
190.223.63.76,CAL
190.223.63.76,Libra
190.223.63.76,ISE 2015 REG
191.247.228.164,Homepage
191.247.228.164,Homepage
217.118.78.121,ISE 2015 REG
217.118.78.121,LEO product
213.135.245.170,Libra
66.102.7.245,ISE 2015 REG
66.102.7.252,ISE 2015 REG
108.80.201.40,CAL
62.245.131.98,unsubscribe
62.154.155.74,CAL
79.47.34.228,ISE 2015 Info
202.137.237.140,ISE 2015 Info
202.137.237.140,Homepage
202.137.237.140,ISE 2015 REG
74.71.183.33,Libra
65.50.242.2,unsubscribe
75.147.7.73,Libra
75.147.7.73,IntelligentDC
75.147.7.73,CAL
186.4.247.27,IntelligentDC
5.18.138.238,IntelligentDC
88.192.12.228,unsubscribe
88.192.12.228,unsubscribe
72.253.245.94,IntelligentDC
139.194.113.149,Libra
91.122.40.33,CAL
77.88.202.147,CAL
77.88.202.147,CAL
77.88.202.147,CAL
216.163.188.222,LEO product
216.163.188.226,ISE 2015 Info
216.163.188.229,CAL
97.127.76.31,LEO product
97.127.76.31,CAL
58.110.43.55,CAL
90.203.149.247,LEO product
189.156.87.182,ISE 2015 Info
194.45.113.59,Libra
107.77.80.86,Libra
73.202.109.160,IntelligentDC
166.216.157.34,Libra
151.27.90.12,ISE 2015 REG
202.137.236.182,ISE 2015 Info
202.137.236.182,Homepage
202.137.236.182,ISE 2015 REG
223.62.216.3,CAL
213.143.61.110,Libra
91.93.81.23,Libra
213.87.121.181,Libra
66.249.88.212,ISE 2015 REG
66.249.88.212,CAL
66.249.88.208,Libra
190.55.182.111,IntelligentDC
106.167.58.125,ISE 2015 REG
189.161.182.58,ISE 2015 REG
66.69.113.45,Libra
70.48.185.20,Libra
70.48.185.20,LEO product
108.180.97.198,Libra
202.232.108.81,Libra
202.137.237.140,ISE 2015 Info
202.137.237.140,Homepage
202.137.237.140,ISE 2015 REG
82.80.24.98,ISE 2015 Info
219.75.31.24,ISE 2015 Info
112.215.66.69,IntelligentDC
112.215.66.72,Libra
112.215.66.75,IntelligentDC
176.11.82.184,Libra
186.23.19.58,ISE 2015 REG
192.168.54.88,Browser
12.145.98.253,ISE 2015 REG
12.145.98.253,IntelligentDC
12.145.98.253,Libra
70.211.137.70,Libra
89.74.191.20,ISE 2015 REG
89.74.191.20,IntelligentDC
89.74.191.20,Libra
96.46.66.162,IntelligentDC
174.114.29.5,CAL
78.35.146.19,IntelligentDC
78.35.146.19,IntelligentDC
79.251.178.141,Libra
99.22.178.158,CAL
91.253.231.54,Libra
79.195.0.48,Libra
190.9.202.122,CAL
217.129.237.8,ISE 2015 Info
201.157.164.47,Libra
59.23.97.127,Libra
190.236.11.123,CAL
190.236.11.123,IntelligentDC
202.137.234.156,ISE 2015 REG
202.137.234.156,ISE 2015 Info
202.137.234.156,Homepage
188.217.174.248,ISE 2015 REG
181.136.41.224,Libra
94.45.179.177,CAL
94.45.179.177,IntelligentDC
94.45.179.177,Libra
87.108.44.16,Libra
37.17.113.38,Libra
222.106.97.159,Libra
116.37.27.227,Libra
217.69.132.156,unsubscribe
217.69.132.156,IntelligentDC
217.69.132.156,ISE Countdown
217.69.132.156,CAL
217.69.132.156,ISE 2015 REG
217.69.132.156,ISE 2015 REG
217.69.132.156,ISE Countdown
217.69.132.156,CAL
217.69.132.156,IntelligentDC
217.69.132.156,unsubscribe
80.223.4.98,Libra
12.43.115.213,CAL
24.55.77.172,ISE 2015 Info
189.147.12.151,ISE 2015 REG
14.3.37.205,Homepage
90.184.122.54,CAL
90.184.122.54,IntelligentDC
93.125.63.197,LEO product
93.125.63.197,CAL
93.125.63.197,Libra
80.147.105.220,CAL
46.140.73.174,unsubscribe
46.140.73.174,unsubscribe
46.140.73.174,unsubscribe
46.140.73.174,unsubscribe
87.142.120.186,CAL
79.166.140.69,IntelligentDC
79.166.140.69,CAL
94.225.195.111,Libra
192.195.66.4,Libra
82.171.47.93,ISE 2015 REG
82.171.47.93,IntelligentDC
82.171.47.93,Libra
107.77.87.107,IntelligentDC
66.54.118.120,Libra
213.106.83.236,ISE 2015 REG
216.163.188.227,IntelligentDC
217.92.224.178,Libra
217.92.224.178,Libra
94.139.135.54,ISE 2015 REG
83.24.50.213,Homepage
94.230.19.194,ISE 2015 REG
94.230.19.194,Homepage
202.137.237.142,Homepage
202.137.237.142,ISE 2015 Info
202.137.237.142,ISE 2015 REG
202.137.236.181,ISE 2015 Info
202.137.236.181,Homepage
202.137.236.181,ISE 2015 REG
180.183.251.148,ISE 2015 Info
50.77.249.33,ISE Countdown
130.185.2.119,ISE 2015 REG
183.60.70.30,ISE 2015 Info
66.249.81.214,CAL
188.157.71.160,Libra
188.157.71.160,CAL
49.98.158.167,ISE 2015 REG
49.98.149.21,ISE 2015 REG
161.5.6.223,ISE 2015 Info
61.120.51.94,IntelligentDC
61.120.51.94,IntelligentDC
61.120.51.94,CAL
61.120.51.94,CAL
219.101.128.4,Libra
219.101.128.4,ISE 2015 REG
14.17.34.191,ISE 2015 REG
14.17.29.85,ISE 2015 Info
95.222.30.5,IntelligentDC
89.188.117.54,Libra
194.126.31.14,Libra
197.34.116.241,Libra
193.15.15.238,CAL
217.28.190.108,Libra
93.34.86.91,CAL
108.214.113.40,Libra
213.149.212.68,ISE 2015 REG
122.130.128.85,ISE 2015 Info
122.130.128.85,IntelligentDC
122.130.128.85,Libra
122.130.128.85,CAL
99.42.38.55,Libra
84.59.169.172,ISE 2015 Info
79.129.48.175,ISE 2015 Info
73.17.41.2,ISE 2015 Info
202.137.236.99,ISE 2015 Info
202.137.236.99,Homepage
202.137.236.99,ISE 2015 REG
192.168.70.82,CAL
89.227.104.6,IntelligentDC
91.13.99.221,CAL
90.190.68.44,IntelligentDC
85.176.193.111,unsubscribe
198.23.103.69,ISE 2015 Info
198.23.103.69,Homepage
198.23.103.69,ISE 2015 REG
198.23.103.69,CAL
198.23.103.69,Libra
198.23.103.69,IntelligentDC
198.23.103.69,LEO product
198.23.103.69,ISE Countdown
198.23.103.69,Browser
198.23.103.69,unsubscribe
68.114.217.123,IntelligentDC
68.114.217.123,CAL
62.42.100.191,IntelligentDC
114.206.242.99,CAL
201.141.245.55,LEO product
89.114.144.205,ISE 2015 REG
70.210.4.84,Libra
70.210.4.84,IntelligentDC
74.206.127.34,CAL
78.169.202.123,Libra
78.169.202.123,Libra
79.129.240.198,ISE 2015 REG
93.96.229.95,unsubscribe
90.175.205.38,Libra
85.182.144.170,IntelligentDC
86.6.228.60,Libra
81.83.219.82,Libra
83.101.7.60,ISE 2015 REG
188.150.19.132,IntelligentDC
192.168.70.119,LEO product
36.225.80.132,Libra
66.87.67.87,Libra
176.202.99.4,ISE 2015 REG
190.213.217.91,Libra
190.213.217.91,CAL
189.16.174.50,CAL
213.214.136.82,ISE 2015 Info
107.17.169.153,Libra
69.76.229.171,Libra
50.166.137.151,IntelligentDC
50.166.137.151,Libra
195.62.143.218,ISE 2015 REG
187.148.247.131,Libra
112.216.87.219,ISE 2015 REG
89.212.87.63,CAL
89.212.87.63,Libra
180.153.206.38,ISE 2015 Info
101.226.66.178,CAL
112.64.235.248,Homepage
80.58.250.92,CAL
73.54.159.162,Libra
146.52.64.195,CAL
2.206.1.131,CAL
194.219.66.9,ISE 2015 REG
194.219.66.9,ISE 2015 REG
200.217.176.186,CAL
177.16.235.121,Libra
189.217.158.60,Libra
176.205.190.153,ISE 2015 Info
31.181.98.249,CAL
187.131.84.3,Libra
186.65.33.27,Homepage
191.206.23.16,Libra
191.206.23.16,CAL
202.140.72.91,ISE 2015 REG
187.21.2.143,ISE 2015 REG
109.189.193.136,IntelligentDC
109.189.193.136,CAL
50.131.227.107,IntelligentDC
50.131.227.107,CAL
185.19.21.31,IntelligentDC
80.94.124.105,CAL
186.96.91.245,Libra
122.109.117.135,Libra
80.110.82.98,CAL
5.18.119.79,ISE Countdown
77.219.129.85,CAL
77.205.202.130,CAL
212.78.204.205,IntelligentDC
77.94.84.11,Libra
5.90.134.10,Libra
183.60.70.29,ISE 2015 REG
112.90.78.25,ISE 2015 Info
14.17.34.189,Homepage
61.40.59.147,Libra
71.183.1.165,Libra
71.183.1.165,CAL
71.183.1.165,IntelligentDC
84.26.60.101,ISE 2015 REG
84.26.60.101,ISE 2015 REG
84.26.60.101,CAL
181.128.58.93,IntelligentDC
181.128.58.93,CAL
14.17.34.191,ISE 2015 Info
14.17.34.191,ISE 2015 REG
112.90.78.22,Homepage
210.250.154.173,ISE Countdown
107.77.85.63,CAL
14.17.29.85,ISE 2015 REG
14.17.34.191,Homepage
204.128.192.33,Libra
204.84.114.232,ISE 2015 REG
37.165.24.57,Libra
82.240.172.14,LEO product
82.240.172.14,IntelligentDC
186.120.26.43,ISE Countdown
186.120.26.43,CAL
24.4.174.122,CAL
24.4.174.122,CAL
196.25.33.34,Libra
50.56.58.47,Homepage
149.147.45.51,Homepage
70.240.17.140,ISE 2015 Info
186.85.199.220,LEO product
186.85.199.220,Libra
87.175.69.84,CAL
87.175.69.84,Libra
220.117.129.176,Browser
223.223.196.162,Libra
84.78.66.252,Libra
84.78.66.252,CAL
14.17.34.182,ISE 2015 Info
112.90.78.22,ISE 2015 REG
14.17.18.144,Homepage
14.17.34.182,ISE 2015 Info
24.55.77.201,CAL
85.244.116.215,IntelligentDC
85.244.116.215,Libra
93.172.64.202,unsubscribe
198.102.219.144,Libra
198.102.219.144,IntelligentDC
198.102.219.144,CAL
183.60.70.30,Homepage
14.17.34.182,ISE 2015 REG
89.76.210.41,Libra
106.243.246.10,IntelligentDC
116.64.18.3,Libra
72.51.89.154,IntelligentDC
106.243.246.10,IntelligentDC
112.90.11.79,ISE 2015 Info
14.17.18.147,ISE 2015 REG
5.18.44.40,Libra
5.18.44.40,CAL
78.197.125.30,ISE 2015 REG
78.230.224.90,ISE Countdown
78.230.224.90,IntelligentDC
109.80.189.249,ISE 2015 REG
183.60.35.29,Homepage
2.135.196.182,IntelligentDC
101.226.33.239,ISE 2015 Info
101.226.33.239,ISE 2015 Info
114.246.173.158,ISE 2015 Info
64.38.116.99,ISE 2015 Info
64.38.116.99,Homepage
64.38.116.99,ISE 2015 REG
64.38.116.99,CAL
64.38.116.99,IntelligentDC
64.38.116.99,Libra
64.38.116.99,LEO product
64.38.116.99,Browser
64.38.116.99,ISE Countdown
64.38.116.99,unsubscribe
86.52.35.180,Libra
86.52.35.180,ISE 2015 REG
